{
  "radio": [
    0.20249578339243968,
    9.311638095158283
  ],
  "newspaper": [
    0.054693098472273355,
    12.351407069278164
  ],
  "tv": [
    0.04753664043301976,
    7.032593549127699
  ]
}